{"propName":"Cessna 206","diameter":7,"hubDiameter":1,"blades":3,"airfoil":"NACA 4415","Cl":0.7,"velocity":200,"J":0.7142857142857143,"RPM":2400,"power":285,"thrust":667.58263500258022,"Cp":0.061306735862080824,"Ct":0.073107798632601126,"solidity":0.084624082423080615,"AF":169.23933602691071,"alt":{"density":0.002377,"kinematicViscosity":0.0001573,"speedofsound":1117},"radialStation":[0.5,0.65,0.8,0.95,1.1,1.25,1.4,1.55,1.7,1.8499999999999999,2,2.1500000000000004,2.3,2.45,2.6,2.75,2.9,3.05,3.2,3.35,3.5],"chord":[0.28272809137099536,0.37565834995072778,0.43994463875011719,0.47747174730938347,0.49419404489404178,0.49626153346465285,0.48861375017298009,0.47478846519574047,0.45715253441849563,0.43720328558194071,0.41582215412469414,0.39345766873947696,0.37024543611663935,0.34607768029413249,0.32063032287875304,0.29334556476688728,0.26334737481437454,0.22921094242697912,0.18829357437132666,0.1340643233760663,0],"beta":[62.717072374330293,55.9358280958794,50.140731176193349,45.226211611542695,41.063446893665621,37.527355075439573,34.507999560915259,31.913416568103077,29.668556239001184,27.7128563616238,25.997616522100994,24.48363464004542,23.1392382748002,21.938705253564102,20.861019964760025,19.888902133622615,19.008050252411454,18.2065515991481,17.474420687182008,16.803236557505286,16.185856239407396]}