{"propName":"Cessna 150","diameter":5.75,"hubDiameter":1,"blades":2,"airfoil":"NACA 4415","Cl":0.7,"velocity":161.33,"J":0.70143478260869574,"RPM":2400,"power":70,"thrust":207.44,"Cp":0.0402,"Ct":0.0498,"alt":{"density":0.002377,"kinematicViscosity":0.0001573,"speedofsound":1117},"radialStation":[0.5,0.62,0.74,0.86,0.97,1.09,1.21,1.33,1.45,1.57,1.69,1.81,1.92,2.04,2.16,2.28,2.4,2.52,2.64,2.76,2.875],"chord":[0.3353,0.3966,0.4325,0.4484,0.4501,0.4423,0.4285,0.411,0.3913,0.3704,0.3487,0.3265,0.304,0.281,0.2572,0.2324,0.2059,0.1768,0.1433,0.1006,0],"beta":[56.42,50.5,45.48,41.24,37.64,34.57,31.94,29.66,27.68,25.95,24.42,23.06,21.85,20.77,19.79,18.9,18.1,17.36,16.69,16.07,15.5]}