{"propName":"Must","diameter":11.16667,"hubDiameter":1.5,"blades":4,"airfoil":"./propSpecs/NACA4415_RN500K_NCRIT9.csv","Cl":0.7,"velocity":586.8,"J":2.52236342616017,"RPM":1250,"power":1490,"thrust":1260.87285597392,"Cp":"","Ct":"","solidity":0.0998228301508925,"AF":78.0897681671606,"alt":{"density":0.0011,"kinematicViscosity":0.00029,"speedofsound":773.198882565152},"radialStation":[0.75,0.798821565656566,0.847643131313131,0.896464696969697,0.945286262626263,0.994107828282828,1.04292939393939,1.09175095959596,1.14057252525253,1.18939409090909,1.23821565656566,1.28703722222222,1.33585878787879,1.38468035353535,1.43350191919192,1.48232348484848,1.53114505050505,1.57996661616162,1.62878818181818,1.67760974747475,1.72643131313131,1.77525287878788,1.82407444444444,1.87289601010101,1.92171757575758,1.97053914141414,2.01936070707071,2.06818227272727,2.11700383838384,2.1658254040404,2.21464696969697,2.26346853535354,2.3122901010101,2.36111166666667,2.40993323232323,2.4587547979798,2.50757636363636,2.55639792929293,2.60521949494949,2.65404106060606,2.70286262626263,2.75168419191919,2.80050575757576,2.84932732323232,2.89814888888889,2.94697045454545,2.99579202020202,3.04461358585859,3.09343515151515,3.14225671717172,3.19107828282828,3.23989984848485,3.28872141414141,3.33754297979798,3.38636454545455,3.43518611111111,3.48400767676768,3.53282924242424,3.58165080808081,3.63047237373737,3.67929393939394,3.7281155050505,3.77693707070707,3.82575863636364,3.8745802020202,3.92340176767677,3.97222333333333,4.0210448989899,4.06986646464646,4.11868803030303,4.1675095959596,4.21633116161616,4.26515272727273,4.31397429292929,4.36279585858586,4.41161742424242,4.46043898989899,4.50926055555555,4.55808212121212,4.60690368686869,4.65572525252525,4.70454681818182,4.75336838383838,4.80218994949495,4.85101151515151,4.89983308080808,4.94865464646465,4.99747621212121,5.04629777777778,5.09511934343434,5.14394090909091,5.19276247474747,5.24158404040404,5.29040560606061,5.33922717171717,5.38804873737374,5.4368703030303,5.48569186868687,5.53451343434343,5.583335],"chord":[0.0743725201458725,0.0838442247549058,0.0937861818344313,0.104177697905479,0.114997410628042,0.126223355274663,0.137833031739712,0.149803471717204,0.162111305690653,0.174732829391575,0.187644069398658,0.200820847567066,0.214238843996504,0.227873658267342,0.24170086869589,0.25569608938265,0.26983502485074,0.284093522095322,0.298447619888732,0.312873595209574,0.327348006687366,0.341847734976971,0.356350019998965,0.370832495003074,0.385273217431673,0.399650696579022,0.413943918059268,0.428132365112187,0.442196036790109,0.456115463082483,0.469871717045896,0.483446424017312,0.496821767996515,0.509980495290595,0.522905915518468,0.535581900077205,0.5479928781742,0.560123830530046,0.571960280856426,0.583488285211476,0.594694419331789,0.605565764035817,0.616089888787588,0.626254833502704,0.636049088670306,0.645461573855135,0.65448161463305,0.663098918001084,0.671303546289555,0.679085889588445,0.686436636683368,0.693346744477514,0.699807405854842,0.705810015916184,0.711346136493255,0.716407458815525,0.720985764170657,0.725072882360086,0.72866064770626,0.731740852315849,0.734305196242345,0.73634523411999,0.737852317756475,0.738817534071347,0.73923163764666,0.739084977011286,0.738367413604134,0.737068232146319,0.735176040887496,0.732678659863531,0.72956299489323,0.725814894527038,0.721418986508144,0.71635848947266,0.710614994540693,0.704168210051588,0.696995660858702,0.689072331157927,0.680370236544477,0.670857906531011,0.660499752609147,0.649255288330375,0.637078155646167,0.623914894038604,0.609703362837221,0.594370687693478,0.577830541241667,0.559979471131253,0.540691829805509,0.519812590390734,0.497146854284199,0.472443963977454,0.445372371007828,0.415477659758071,0.3821073978215,0.344263598213202,0.300273011068973,0.246888414131708,0.17577324028859,0],"beta":[82.9621388652741,82.3974635475703,81.8346231626359,81.2737168603616,80.7148416280608,80.1580922065055,79.6035610118646,79.0513380636452,78.5015109187058,77.9541646113868,77.4093815997773,76.8672417181095,76.3278221352512,75.7911973192422,75.2574390077965,74.7266161846748,74.1987950618101,73.6740390670508,73.152408837371,72.6339622173804,72.1187542629555,71.6068372497967,71.0982606867123,70.5930713334154,70.0913132226144,69.593027686174,69.0982533851138,68.6070263432142,68.1193799839926,67.6353451708144,67.1549502499045,66.678221096023,66.205181160577,65.7358515219363,65.2702509377338,64.808395898928,64.3503006854169,63.8959774229966,63.4454361414633,62.9986848336684,62.5557295153401,62.116574285496,61.6812213872772,61.2496712690448,60.8219226455862,60.3979725592897,59.9778164411504,59.5614481714852,59.1488601402364,58.7400433067572,58.3349872589767,57.9336802718535,57.5361093650323,57.1422603596262,56.7521179340551,56.365665678879,55.9828861505673,55.603760924159,55.228270644767,54.856395077892,54.4881131585141,54.1234030389354,53.7622421353532,53.4046071731479,53.0504742308733,52.6998187829417,52.3526157410006,52.008839494,51.6684639469543,51.3314625584043,50.9978083765888,50.6674740743369,50.3404319826952,50.0166541233061,49.6961122395539,49.3787778265001,49.064622159627,48.7536163224133,48.445731232765,48.1409376683255,47.8392062906902,47.5405076685531,47.2448122998102,46.9520906326469,46.6623130856389,46.3754500668908,46.0914719922437,45.8103493025762,45.5320524802295,45.2565520645825,44.9838186668049,44.713822983815,44.4465358114709,44.1819280570191,43.9199707508293,43.6606350574392,43.4038922859364,43.1497138997007,42.898071525533,42.6489369621925]}
