{"propName":"windmill","diameter":30,"hubDiameter":2,"blades":3,"airfoil":"./propSpecs/NACA4415_RN500K_NCRIT9.csv","Cl":0.7,"velocity":36.675,"J":0.464240506329114,"RPM":158,"power":10,"thrust":152.007101774007,"Cp":"","Ct":"","solidity":0.0160697146089505,"AF":8.69281865549913,"alt":{"density":0.002378,"kinematicViscosity":0.00022927,"speedofsound":1057.00003443709},"radialStation":[1,1.7,2.4,3.1,3.8,4.5,5.2,5.9,6.6,7.3,8,8.7,9.4,10.1,10.8,11.5,12.2,12.9,13.6,14.3,15],"chord":[0.165538857523413,0.320707432748006,0.405087832506068,0.430041389844879,0.422949777908752,0.401923872625838,0.376224286855265,0.350096300282033,0.325306157476701,0.302450768478677,0.281584044736107,0.262504399588001,0.244876994607819,0.22827149042805,0.212149636928961,0.19581175510072,0.178289883075692,0.158133319361784,0.132874099473875,0.0970004178642985,0],"beta":[64.7922349395114,51.8462556756379,42.1014107035245,34.8887541244072,29.49292851498,25.3717696917152,22.1521229599099,19.582384761151,17.4916328973142,15.7616611607017,14.3089815626215,13.0733629572894,12.0104683412203,11.0870471016706,10.2777351299809,9.56288297826626,8.92705344220745,8.35796330746082,7.84572526103011,7.3822962441336,6.96107015593696]}
