{"propName":"mustan_from_json","diameter":11.17,"hubDiameter":1.5,"blades":4,"airfoil":"./propSpecs/NACA4415_RN500K_NCRIT9.csv","Cl":0.7,"velocity":586.8,"J":3.15201432408236,"RPM":1000,"power":795.73,"thrust":694.704147771901,"Cp":"","Ct":"","solidity":0.0530922677560712,"AF":42.9955527262467,"alt":{"density":0.0014962,"kinematicViscosity":0.00022927,"speedofsound":1057.00003443709},"radialStation":[0.75,0.99175,1.2335,1.47525,1.717,1.95875,2.2005,2.44225,2.684,2.92575,3.1675,3.40925,3.651,3.89275,4.1345,4.37625,4.618,4.85975,5.1015,5.34325,5.585],"chord":[0.0340897906018398,0.058050701899078,0.086938049949396,0.119686289085927,0.155137019149613,0.192086400903393,0.229327551294958,0.265684877077599,0.300038305013158,0.331336231843294,0.358596536212165,0.380894951638403,0.397339185230405,0.407024754895815,0.408963078287077,0.401959704608764,0.384387887936127,0.35370313047938,0.305157385740282,0.226875389045362,0],"beta":[84.4764535734173,82.1581713650624,79.8712768031087,77.6222552660789,75.4169148768629,73.2603252708322,71.1567844337159,69.1098117981511,67.1221644651662,65.1958725610647,63.3322893426643,61.5321516644316,59.7956467291455,58.1224815584844,56.5119522460792,54.9630107134052,53.4743273189044,52.0443482339265,50.6713469744454,49.3534698581873,48.0887754459144]}
