{"propName":"Must","diameter":11.16667,"hubDiameter":1.5,"blades":4,"airfoil":"./propSpecs/NACA4415_RN500K_NCRIT9.csv","Cl":0.7,"velocity":806.667,"J":2.52236342616017,"RPM":1250,"power":1490,"thrust":1259.4621003786,"Cp":"","Ct":"","solidity":0.10043845855188,"AF":77.4049889663044,"alt":{"density":0.002377,"kinematicViscosity":0.00015723,"speedofsound":773.198882565152},"radialStation":[0.75,0.99166675,1.2333335,1.47500025,1.716667,1.95833375,2.2000005,2.44166725,2.683334,2.92500075,3.1666675,3.40833425,3.650001,3.89166775,4.1333345,4.37500125,4.616668,4.85833475,5.1000015,5.34166825,5.583335],"chord":[0.0753691670119604,0.127340421994959,0.188850501304426,0.25701410318977,0.328851354873508,0.401457243808666,0.472132621991749,0.538469809018798,0.598392771526773,0.650156613239474,0.692313243954099,0.723649662210026,0.743102395730244,0.749645864747607,0.742141693130002,0.719113654610508,0.678357826092395,0.616131875853242,0.525024292024984,0.385778009654547,0],"beta":[82.9711592931902,80.1975984491238,77.4780040903889,74.822668848672,72.240308767519,69.7379891994309,67.3211297276836,64.9935751339474,62.7577165408528,60.6146462811265,58.5643312543195,56.6057918811732,54.7372766420947,52.9564251052784,51.2604149872829,49.6460909705172,48.1100746724368,46.6488563439306,45.2588696373397,43.9365512132809,42.6783871354907]}
