{"propName":"mustan_from_json","diameter":30,"hubDiameter":2,"blades":3,"airfoil":"./propSpecs/NACA4415_RN500K_NCRIT9.csv","Cl":0.7,"velocity":36.675,"J":0.464240506329114,"RPM":158,"power":10,"thrust":148.701044181198,"Cp":"","Ct":"","solidity":0.0249384783093119,"AF":13.5406428970566,"alt":{"density":0.0014962,"kinematicViscosity":0.00022927,"speedofsound":1057.00003443709},"radialStation":[1,1.7,2.4,3.1,3.8,4.5,5.2,5.9,6.6,7.3,8,8.7,9.4,10.1,10.8,11.5,12.2,12.9,13.6,14.3,15],"chord":[0.250324662494904,0.488940800712622,0.621969667914558,0.663737395600271,0.655187572411869,0.624211844519725,0.585354251962089,0.54540259249658,0.507245499950071,0.471905468538183,0.439525293244433,0.409826866164296,0.382309731895312,0.356315763102477,0.33101460707021,0.305325136327414,0.277754823319722,0.246073234866604,0.206489803245485,0.150519484865187,0],"beta":[65.2303954256558,52.422205859914,42.7062391033565,35.4702003098713,30.0325445236352,25.8662967607636,22.604131343893,19.9962493247572,17.8719358738665,16.1126167895505,14.6342751268407,13.376150224681,12.2934306423095,11.352459716397,10.5275327825214,9.79871710638561,9.15034030781483,8.56992366797719,8.04741682034236,7.57464013553031,7.14487257398169]}
