{"propName":"P51_Mustang","diameter":11.167,"hubDiameter":1.5,"blades":4,"airfoil":"NACA 4415","Cl":0.7,"velocity":400,"J":2.1491895764305542,"RPM":1000,"power":800,"thrust":994.00643735645644,"Cp":0.36579199449878025,"Ct":0.15379987510079515,"solidity":0.10109608845759074,"AF":297.76719273535855,"alt":{"density":0.0014962,"kinematicViscosity":0.00022927,"speedofsound":1057.4},"radialStation":[0.75,0.991675,1.23335,1.475025,1.7167,1.958375,2.20005,2.441725,2.6834,2.925075,3.16675,3.408425,3.6501,3.891775,4.13345,4.375125,4.6168,4.858475,5.10015,5.341825,5.5835],"chord":[0.087945795289619627,0.14729158898313682,0.21608361123509762,0.29041363419360694,0.36647910075029932,0.440836279888877,0.51055721213134686,0.57329331140622408,0.62726218142328327,0.67117978611754148,0.70415914836651616,0.72559161416594642,0.73501933264060626,0.7319985998749432,0.7159415544134341,0.68590229839158368,0.640223433908521,0.57580967774447833,0.48621439429552238,0.35426031696184479,0],"beta":[81.435509163264086,78.2179527597044,75.085035977502173,72.051375234137268,69.128469660896585,66.324705604270292,63.6455309092214,61.093750309087312,58.669892614937716,56.372606429596878,54.1990506881863,52.145256782671005,50.206448553073479,48.377314086514666,46.6522288001669,45.025432864549742,43.491168022604668,42.043779700548242,40.677790373061008,39.387949745994838,38.169266679687844]}
