{"propName":"DC-7","diameter":14,"hubDiameter":1.5,"blades":4,"airfoil":"./propSpecs/NACA4415_RN500K_NCRIT9.csv","Cl":0.7,"velocity":806.667,"J":2.51485714285714,"RPM":1280,"power":4500,"thrust":3564.04510027988,"Cp":"","Ct":"","solidity":0.187955293115558,"AF":145.623006705468,"alt":{"density":0.002377,"kinematicViscosity":0.00015723,"speedofsound":773.198882565152},"radialStation":[0.75,1.0625,1.375,1.6875,2,2.3125,2.625,2.9375,3.25,3.5625,3.875,4.1875,4.5,4.8125,5.125,5.4375,5.75,6.0625,6.375,6.6875,7],"chord":[0.110450355637179,0.215400901428296,0.34771329652132,0.500860997602072,0.667749676190246,0.841160821270926,1.0141289899746,1.18022233778641,1.33371402985685,1.46964678055653,1.58380175301891,1.67258548129748,1.73284404462937,1.76160121102827,1.75569173936275,1.71120655573546,1.62253175002875,1.48035909380303,1.26647880601475,0.933852103837357,0],"beta":[85.1572806856369,82.4357365092038,79.7560924783556,77.1287957334229,74.563015375079,72.0665160192416,69.6456027084041,67.3051304755246,65.0485678271736,62.8781012978854,60.7947678476199,58.7986028337895,56.8887931121293,55.0638270558367,53.3216355687281,51.6597202585212,50.0752666924433,48.5652420282637,47.1264773092066,45.7557353762803,44.4497657475733]}
